Radius (km),Threshold,Anchors,Positives,Historical rate (%),Folds scored,M ROC AUC,SD AUC,M Brier skill (%),SD Brier skill,Verdict
50.0,M ≥ 5,1702,433,25.440658049353704,5,0.6386905413241252,0.08665794270667787,5.980697270352067,11.062414234836691,Model beats the base rate
50.0,M ≥ 6,1702,98,5.7579318448883665,3,0.6575622622773133,0.1781442979324876,-10.198539585926632,23.629100729191606,No skill beyond the base rate
50.0,M ≥ 7,1702,8,0.4700352526439483,0,,,,,Too few events to model
100.0,M ≥ 5,2239,660,29.47744528807503,5,0.6195397883763064,0.045353076969914294,5.751623140361845,6.879033383891719,Model beats the base rate
100.0,M ≥ 6,2239,102,4.555605180884323,4,0.5584247696647376,0.1739185896677785,-15.444937434289699,17.727525892132288,No skill beyond the base rate
100.0,M ≥ 7,2239,10,0.4466279589102278,0,,,,,Too few events to model
200.0,M ≥ 5,4125,1479,35.85454545454546,5,0.5818323726600266,0.044024813917822155,2.098554910651404,2.8947300039766306,Model beats the base rate
200.0,M ≥ 6,4125,220,5.333333333333334,4,0.556246940320213,0.025989625279211528,-0.5771650404370665,0.41830762068994154,No skill beyond the base rate
200.0,M ≥ 7,4125,18,0.4363636363636364,0,,,,,Too few events to model
