Rank,Feature,Impurity importance,Permutation importance,SD (permutation),Cumulative impurity %
1,T_elaps65,0.17202441939183574,0.06162520031489059,0.036854712111112374,17.202441939183576
2,T_elaps75,0.030170465542794477,0.02190544822277208,0.007519611904977794,20.219488493463025
3,beta,0.038885769075827095,0.02061774173731809,0.011202118641195108,24.108065401045735
4,T_elaps7,0.050022838077680175,0.019798813959675997,0.019537893869054006,29.11034920881375
5,Dist_mean,0.028617668402404803,0.0128176126305512,0.006370906594126315,31.972116049054232
6,Dist_std,0.046447749979768624,0.010760319861106399,0.008895942193583212,36.616891047031096
7,Dist_wmean,0.03501728698446074,0.00869696897407179,0.009982367683488725,40.11861974547717
8,Energy,0.06658809404596655,0.007197088364151022,0.01198908045674883,46.77742915007382
9,dM_mlk,0.028432391652940408,0.004479379875582079,0.006506655822470036,49.620668315367865
10,zvalue,0.0445663329215761,0.004452531481660077,0.0054973138585118955,54.077301607525484
11,Mag_mean,0.02813164082600864,0.003265952451921711,0.0029075239741877955,56.89046569012635
12,std_gr_mlk,0.040591503560366365,0.0026034237557200413,0.006997207619325082,60.94961604616298
13,dM_lsq,0.023075270679103362,0.0001160888982063124,0.0037796277094731025,63.25714311407331
14,b_lsq,0.014814290938822808,-0.0006684178162310317,0.0028909669988836425,64.73857220795558
15,NO,0.02309215465379246,-0.001136587829110941,0.006331521838007879,67.04778767333484
16,a_mlk,0.025413040481559263,-0.0014100533768802714,0.0065924180996906594,69.58909172149076
17,x7_lsq,0.012162361965084472,-0.0020058485161172923,0.002926222504774133,70.80532791799921
18,x7_mlk,0.02495469699542243,-0.002071733092736572,0.004674783655399073,73.30079761754145
19,Mag_max,0.041658370001652595,-0.0026952920968589976,0.010170367000858752,77.4666346177067
20,b_mlk,0.023285071846161628,-0.0036723869079458684,0.004088293552656816,79.79514180232286
21,a_lsq,0.015419096958082704,-0.005327653456161446,0.0029938751254295465,81.33705149813115
22,std_gr_lsq,0.023049827031773367,-0.005366041023234363,0.003304894010728121,83.64203420130848
23,Dist_min,0.02344902202216321,-0.006142611605583492,0.00471007785607512,85.98693640352481
24,b_std_mlk,0.02439966190358331,-0.006687981871228888,0.0037916220369725363,88.42690259388314
25,T_elaps6,0.04721669446966777,-0.006815413607523596,0.004334264102746054,93.14857204084991
26,b_std_lsq,0.022568798071302618,-0.008418314161295149,0.005274427777055323,95.40545184798019
27,Dist_trend,0.04594548152019818,-0.008655289967722907,0.008077221110571842,100.0
